<?xml version="1.0" encoding="UTF-8"?><metadata>
    <idinfo>
        <citation>
            <citeinfo>
                <origin/>
                <pubdate>20121005</pubdate>
                <title>MD_Shellfish</title>
                <onlink>https://geodata.md.gov/imap/rest/services/Biota/MD_Shellfish/FeatureServer/5</onlink>
                <onlink>https://geodata.md.gov/imap/rest/directories/arcgisoutput/BIOT_OysterSanctuaries_DNR.zip</onlink>
            </citeinfo>
        </citation>
        <descript>
            <abstract>Polygon delineation of Maryland oyster sanctuaries. The document &amp;quot;Oyster_Sanctuaries_of_the_Chespeake_Bay_and_Tidal_Tributaries_September 2010&amp;quot; is the source material for the features in this dataset. Section I of the document describes sanctuaries that were created prior to September 2010. Section II of the document describe sanctuaries that were created in September of 2010.This is a MD iMAP hosted service. Find more information at https://imap.maryland.gov.Feature Service Link:https://geodata.md.gov/imap/rest/services/Biota/MD_Shellfish/FeatureServer/4</abstract>
            <purpose>Maryland Shellfish - Oyster Sanctuaries</purpose>
        </descript>
        <status>
            <update>As needed</update>
        </status>
        <keywords>
            <theme>
                <themekt>None</themekt>
                <themekey>biota</themekey>
                <themekey>environment</themekey>
                <themekey>shellfish</themekey>
                <themekey>oysters</themekey>
                <themekey>sea scallop</themekey>
                <themekey>MD</themekey>
                <themekey>Maryland</themekey>
                <themekey>MD iMAP</themekey>
                <themekey>WMS</themekey>
                <themekey>WFS</themekey>
                <themekey>Vector</themekey>
                <themekey>Dynamic</themekey>
                <themekey>BIOT</themekey>
                <themekey>Chesapeake</themekey>
                <themekey>Coastal Bays</themekey>
                <themekey>KML</themekey>
            </theme>
        </keywords>
        <accconst>None</accconst>
        <useconst>The Spatial Data, and the information therein, (collectively the "Data") is provided "as is" without warranty of any kind, either expressed, implied, or statutory. The user assumes the entire risk as to quality and performance of the Data. No guarantee of accuracy is granted, nor is any responsibility for reliance thereon assumed. In no event shall the State of Maryland be liable for direct, indirect, incidental, consequential or special damages of any kind. The State of Maryland does not accept liability for any damages or misrepresentation caused by inaccuracies in the Data or as a result to changes to the Data, nor is there responsibility assumed to maintain the Data in any manner or form. The Data can be freely distributed as long as the metadata entry is not modified or deleted. Any data derived from the Data must acknowledge the State of Maryland in the metadata.</useconst>
        <datacred>MD iMAP, DNR, Document "Oyster_Sanctuaries_of_the_Chespeake_Bay_and_Tidal_Tributaries_September 2010" incorporated by reference into COMAR 08.02.04.15.
Data creator/publisher - Kelly Greenhawk, kelly.greenhawk@maryland.gov, Sarbanes Cooperative Oxford Laboratory</datacred>
    </idinfo>
    <metainfo>
        <metd>20190426</metd>
        <metc>
            <cntinfo>
                <!--no contact person or organization name available-->
            </cntinfo>
        </metc>
        <metstdn>FGDC Content Standard for Digital Geospatial Metadata</metstdn>
        <metstdv>FGDC-STD-001-1998</metstdv>
        <mettc>local time</mettc>
    </metainfo>
</metadata>
