OBJECTID,YATESNAME,NUMCORNS,REFCODE,COUNTY,ACRES,NewArea,ShapeSTArea,ShapeSTLength
1,SILLERY BAY,3,28-1,AA,35,35.0779543,235985.65234375,2602.87647000836
2,PEACH HILL,3,28-2,AA,20,21.02060292,141374.58203125,1725.11840031746
3,WELCH,4,28-3,AA,50,51.02676388,343113.61328125,3247.93890957892
4,PARK,4,29-1,AA,34,33.47648759,225110.046875,2248.27185193807
5,UMPHASIS,3,29-2,AA,30,29.50859941,198382.33984375,2544.06476262737
6,BLACK,4,29-3,AA,25,24.93746802,167636.3203125,1728.93231735621
7,PERSIMMON,3,30-1,AA,32,33.17777928,222977.5546875,2697.54032780561
8,OUTER MAGOTHY,5,30-2,AA,1138,1138.38419722,7648517.2109375,12733.3179338287
9,WHITEHALL,8,33-2,AA,550,549.33560412,3683176.15625,9990.72848678766
10,TOLLY POINT,7,34-2,AA,897,896.24812105,6004667.3984375,11798.9506983654
11,CHINKS POINT,5,35-1,AA,252,250.87195604,1681538.3515625,5341.09482342138
12,INSIDE GREENBURY POINT,4,35-2,AA,70,70.76155171,474501.66796875,3915.38072686253
13,HORN POINT,6,36-1,AA,194,194.39784492,1303478.74609375,5869.84557859515
14,OLD FORT,4,36-2,AA,45,44.70786792,299827.921875,2405.95782477129
15,LITTLE SANDY,3,37-1,AA,16,16.06155504,107719.421875,1543.15136129506
16,CRECES COVE,4,37-2,AA,10,10.45907766,70158.5625,1143.64592329475
17,FERRY POINT,4,37-3,AA,11,11.0870146,74377.078125,1316.33362859482
18,PEACH ORCHARD,8,38-1,AA,43,43.79766841,293883,3812.34844980269
19,WEEMS LOWER,4,38-2,AA,8,8.27086882,55490.23828125,944.068822128211
20,WEEMS UPPER,3,39-1,AA,19,18.33559953,123028.65625,1751.99871766801
21,WADE,3,39-2,AA,16,15.74992553,105689.55859375,2411.31172190776
22,TRACES HOLLOW,7,40-1,AA,36,36.63573288,245874.16015625,3769.38403622479
23,SHARP POINT,3,40-2,AA,36,35.55844429,238659.2109375,2657.13630817998
24,SALTWORK,4,41-1,AA,12,11.76892144,78997.0859375,1535.01171231364
25,ROCK POINT LOWER,3,41-2,AA,9,9.23810525,62016.8515625,1683.34122225479
26,CHASE,3,41-3,AA,7,7.07395729,47493.82421875,1352.00483511045
27,CLEM POINT,3,42-1,AA,13,12.90242884,86631.80078125,1622.73988701786
28,POINT,3,42-2,AA,8,8.04118091,53999.015625,1342.66486092802
29,AISQUITH CREEK,3,42-3,AA,6,6.10700905,41015.0546875,1064.68141868714
30,BREWER (SEVERN RIVER),3,43-1,AA,21,20.64853794,138678.67578125,2387.42912425306
31,POPPIN POINT,4,43-2,AA,50,50.43458028,338759.00390625,2883.00169448435
32,ARNOLD POINT,5,44-1,AA,58,58.02634414,389808.2109375,3663.28858164774
33,BIG ISLAND,3,44-2,AA,6,5.21304584,35021.70703125,917.346756568439
34,ROUND BAY,3,44-3,AA,11,10.76246699,72319.89453125,1266.00291214371
35,ROCK POINT UPPER,4,45-1,AA,31,30.62943798,205858.25390625,2028.13189059623
36,THUNDER AND LIGHTNING,4,52-2,AA,48,47.89376314,320799.34765625,3071.93110409084
37,BREWER,4,52-3,AA,44,44.27031546,296511.2109375,2883.86047661284
38,ALMSHOUSE,4,53-1,AA,24,23.57469846,157907.83203125,1653.5687694517
39,ABERDEEN,5,54-1,AA,32,32.2915664,216326.26171875,2580.61961363175
40,DUVALL,3,53-2,AA,40,39.1613175,262390.1875,2606.21341609637
41,BEARD POINT,4,54-2,AA,11,11.31590375,75825.18359375,1226.09561969375
42,ROUGH POINT,4,54-3,AA,24,24.39603874,163458.4921875,1844.32992727257
43,BAY SHORE,9,63-1,AA,3000,2989.49029163,19945939.5820312,26095.3679420693
44,FAIRHAVEN,5,64-2,AA,340,341.32258963,2274545.53125,8031.50160717784
45,HOLLAND POINT,6,65-1,AA,2642,2643.35374845,17609927.3085938,17016.0801736435
46,MAN O'WAR SHOALS,4,34-2,BA,734,729.72539234,4921891.50390625,11483.6060774386
47,TEA TABLE,5,33-1,BA,2136,2120.59525962,14314568.546875,21421.0049529492
48,MILLERS ISLAND,4,34-1,BA,140,139.21373329,939815.90234375,4334.4458224033
49,PLUM POINT,6,66-1,CA,2516,2496.76134019,16572518.328125,16861.3186307018
50,DADDIE DARE,5,66-2,CA,619,617.53758339,4094235.68359375,9133.72571811955
51,FLAG POND,10,68-1,CA,680,682.65624519,4509705.43359375,13716.7504813109
52,SPOUT,4,69-1,CA,15,15.41807826,102066.4609375,1331.00101278703
53,HOLLAND POINT (CALVCO),4,69-2,CA,84,83.94088933,555591.68359375,3260.89114438885
54,BUZZARD ISLAND,4,70-1,CA,120,120.09196776,794456.70703125,4687.31734986718
55,MACKS HOLLOW,4,70-2,CA,15,14.62990492,96756.33984375,1348.15386819913
56,BROAD NECK (CALVCO),4,71-1,CA,54,54.43428322,359868.53125,2393.79548142475
57,THOMAS (CALVCO),3,71-2,CA,40,40.04700294,264713.77734375,3821.73118079743
58,KITTS MARSH,4,71-3,CA,245,246.5387024,1629394.70703125,5369.07645054599
59,JACKS MARSH,4,72-2,CA,124,125.18217753,826913.74609375,3784.52377965195
60,PRISON POINT,4,72-1,CA,344,344.72045242,2277643.4375,6332.27872344041
61,LOWER STEPS,5,65-2,CA,685,682.38607608,4533376.6015625,9496.64565431675
62,SHELL PILE,4,78-2,CA,5,3.99461664,26305.19921875,864.13611552673
63,CHERRY TREE,6,79-1,CA,22,21.19858348,139588.703125,2030.30477734819
64,HOG POINT,4,64-1,CA,323,319.18112068,2124166.8671875,6016.21838515494
65,TEAGUE,4,53-1,CH,48,48.01323848,317960.484375,2472.0901819783
66,ELBOW,4,53-2,CH,14,14.76739037,97781.3828125,1318.101621622
67,CARPENTERS YARD,6,54-1,CH,44,44.28333094,293103.77734375,2558.33546362741
68,CORNERS WHARF,4,129-2,DO,143,141.75237982,941074.65234375,3916.28186664107
69,LOGANS HILL,3,129-3,DO,322,318.42511635,2115563.12890625,8324.70838465565
70,ALONG SHORE,10,131-1,DO,65,68.65801911,454479.8671875,7070.3613284153
71,SUSQUEHANNA,4,132-1,DO,192,190.93577927,1264335.33984375,4905.63339693396
72,LITTLE POLLARD,5,132-2,DO,107,106.836665,707708.7734375,3618.63329425722
73,CASON,4,132-3,DO,206,205.37113722,1360213.03515625,4748.86510186888
74,TOBACCO STICK,4,133-1,DO,210,209.42446457,1386971.0078125,6241.31296102163
75,BUTTERPOT,4,133-2,DO,81,80.88065188,535780.7578125,3034.25029445619
76,HUDSON,5,133-3,DO,60,60.22872586,399010.49609375,3826.20396120581
77,ROSS,4,134-1,DO,36,35.68845389,236508.15234375,3314.74986841473
78,MCKEILS POINT,5,134-2,DO,204,203.04629593,1345262.796875,4675.21579025486
79,TOWN,5,135-1,DO,88,87.11619249,577237.8046875,3329.98747062105
80,BRUMELL,8,135-2,DO,179,178.86998465,1185449.265625,6620.02474886134
81,CHERRY ISLAND,6,136-1,DO,24,24.4021781,161761.5390625,1931.97449680567
82,JONES,4,136-2,DO,12,12.02641915,79709.453125,1171.29936623251
83,PATTISON,3,137-1,DO,8,7.88229067,52251.54296875,1074.88013554828
84,BARN POINT,4,137-2,DO,119,119.0132469,788405.9765625,3640.11145570735
85,SALTWORK,4,137-3,DO,34,33.86440226,224305.33203125,2108.94164692278
86,FISHING CREEK,5,138-1,DO,72,72.50354366,480182.640625,3063.23076730322
87,GRAPEVINE,4,138-2,DO,38,37.9844123,251557.66015625,2416.94533300973
88,NORMAN,4,147-2,DO,1084,1078.86881553,7090869.66796875,12632.5902214852
89,APPLEGARTH,4,147-3,DO,730,721.94494927,4741692.53515625,9108.36641656662
90,HOPKINS COVE,5,149-2,DO,97,96.41568171,633111.80859375,3766.08312485772
91,NEW,3,158-2,DO,3,3.18693277,20947.10546875,668.522141386143
92,HILLS AND HOLES,3,158-3,DO,9,9.27061072,60943.35546875,1251.96725226294
93,ROARING POINT WEST,3,159-1,DO,14,14.42163464,94825.27734375,1913.93788826795
94,BEAN SHOAL,3,159-2,DO,9,9.14339187,60165.140625,1167.26445715735
95,OUTER HOLE,3,159-3,DO,29,29.1598733,191887.265625,2121.88825652582
96,LOWER NEWFOUNDLAND,3,160-1,DO,5,5.78264465,38078.8828125,1011.42158052785
97,UPPER NEWFOUNDLAND,4,160-2,DO,17,16.81946534,110768.44140625,1449.55033384699
98,NORTHWEST MIDDLEGROUND,4,160-3,DO,1184,1172.51450261,7678343.78125,12114.2529639629
99,SOUTHEAST MIDDLEGROUND,4,161-1,DO,476,470.15802444,3077551.25390625,7290.20673390282
100,CABIN CREEK,4,112-1,DO,143,141.10914417,937161.140625,3801.97684123237
101,CABIN CREEK ENTRANCE,4,111-2,DO,16,15.54365696,103246.03515625,1385.73897627994
102,CASTLE HAVEN CREEK,6,117-2,DO,138,131.51019002,873209.66015625,5109.77718124237
103,COMMANDER,4,116-1,DO,7,7.09544094,47065.51171875,944.603772749142
104,COOK POINT,7,118-2,DO,992,985.2006683,6546704.2421875,10845.1348811482
105,DIXON,4,112-3,DO,83,82.00711467,544210.7109375,3830.85640382916
106,DRUM POINT,4,111-1,DO,16,18.50149197,122926.91015625,1699.07837849813
107,GREEN MARSH,4,114-1,DO,218,216.19912794,1434005.94921875,5202.78922639741
108,HAMBROOKS,3,114-2,DO,140,142.88243968,948094.59375,4873.18678727307
109,LECOMPTE,6,117-1,DO,316,319.01127197,2118037.828125,8195.72723367249
110,OYSTER SHELL POINT,4,113-1,DO,110,109.8027156,728384.765625,3467.47140229768
111,SANDY HILL,5,115-2,DO,510,505.2137772,3352065.50390625,7315.69885285709
112,SANDY HILL LUMPS,4,115-1,DO,19,18.96706086,125838.55078125,1454.38574346174
113,SHOAL CREEK,4,113-3,DO,135,133.89477837,887824.9296875,5039.73262243086
114,STATES BANK,5,113-2,DO,82,82.59383457,547628.171875,3203.16249690833
115,TANNERS PATCH,4,112-2,DO,26,26.04470996,172906.9375,1701.93781152041
116,TURTLE BACK,3,114-3,DO,76,77.14003204,511873.44140625,3235.1164618668
117,HORN POINT,6,116-2,DO,130,130.56996303,866600.25,5494.29518198933
118,GALES LUMPS,5,96-2,KE,1927,1920.44430172,12965301.484375,18847.6602474735
119,SWAN POINT,11,99-1,KE,3292,3268.14759784,22013993.4609375,28903.3748735408
120,WINDMILL FLATS,4,102-2,KE,119,119.02082803,801616.99609375,3791.35266332054
121,MUDDY DRAIN,4,102-3,KE,196,197.16108973,1327722.39453125,5449.65195299181
122,HUNTINGFIELD,6,103-1,KE,400,400.06454892,2693901.49609375,6182.41258457901
123,GUM SPRING,3,103-2,KE,86,86.50890772,582294.56640625,3930.76202363433
124,WHITE MARSH,6,104-1,KE,612,612.51747295,4121063.453125,9594.48602769251
125,UNDER THE BAR,3,104-2,KE,164,165.28072217,1112199.1875,5538.96227972403
126,HICKORY THICKET,5,105-1,KE,413,415.18696515,2791495.8515625,10367.9905215133
127,EAST NECK BAY,4,105-2,KE,176,178.22719546,1198295.44140625,4582.6953659706
128,ENTRANCE LUMPS,4,106-1,KE,248,248.6844299,1671326.73828125,5363.4857614763
129,WICKES BEACH,4,106-2,KE,472,472.84264672,3175827.12109375,7904.39645673425
130,DREDGE ROCK,4,106-3,KE,190,190.73544427,1280500.7265625,6145.5067067068
131,FERRY (KENT COUNTY),3,107-3,KE,134,133.74906225,897662.14453125,4656.0387298729
132,BUOY ROCK,5,108-1,KE,322,323.39936903,2169878.52734375,8793.92727858
133,BAY BUSH POINT,5,111-1,KE,188,186.87097721,1255974.59375,5660.94520202685
134,BLUFF POINT,6,111-2,KE,443,442.73149329,2976925.66796875,8529.63103134788
135,CHESTER R. MIDDLEGROUND,4,112-1,KE,238,238.84583952,1606093.9296875,6961.89934806718
136,WILLOW BOTTOM,4,112-3,KE,181,182.1109841,1224947.08984375,5245.6808843657
137,NICHOLS,3,113-1,KE,58,57.67706361,387977.75390625,3488.25473585032
138,HUDSON,5,113-2,KE,116,114.67160831,771540.96875,4223.40324424924
139,SAND THISTLE,3,113-3,KE,66,65.35515798,439803.21875,3255.9538836738
140,BOATHOUSE,4,114-1,KE,79,78.78865029,530249.7265625,3869.82372646032
141,DRUM POINT,4,114-2,KE,45,45.2358418,304494.03515625,2635.30792845998
142,DAVIS CREEK,5,115-1,KE,64,64.24330247,432517.6796875,3119.00191018975
143,ISLAND POINT,6,115-2,KE,18,17.31053454,116570.58984375,1920.5965869917
144,WILSONS POINT,4,116-2,KE,13,12.9022799,86928.234375,1382.3616412781
145,KINGS CREEK,4,116-3,KE,15,15.21465573,102456.0859375,1709.86522714713
146,BAILEY,4,117-1,KE,18,17.66943562,119003.375,1923.1132975513
147,PHILIPS,4,117-2,KE,26,25.93521254,174711.734375,2412.40363784553
148,WARE,4,117-3,KE,8,8.29598139,55903.51953125,962.243278665252
149,EBB POINT,4,118-1,KE,116,117.5731272,791105.15234375,4147.96749564698
150,CLIFF,5,118-2,KE,116,115.30577223,775944.22265625,5314.27583046137
151,COMMEGYS BIGHT,4,119-1,KE,173,172.01224275,1157691.2734375,5155.507005247
152,SHEEP (KENT COUNTY),3,119-2,KE,7,6.77061203,45570.60546875,1705.90377548747
153,DEEP POINT,3,119-3,KE,16,15.91027296,107101.16015625,2531.19551440719
154,SHIPPEN CREEK,4,120-1,KE,10,10.39267384,69975.90234375,1425.28788565429
155,HADDAWAY,4,120-2,KE,7,6.68506193,45021.68359375,1188.78361272486
156,HOLLYDAY (KENT COUNTY),3,120-3,KE,17,16.91863789,113947.34375,2195.33715658289
157,MELTON POINT,3,121-1,KE,8,8.062152,54311.21484375,1403.04117463389
158,NORTHWEST (KENT COUNTY),3,121-2,KE,12,11.62906628,78344.765625,2494.57889750666
159,EAGLE POINT,4,116-1,KE,25,26.21371825,176554.48828125,1958.50985931626
160,SIDE SHOAL,3,107-1,KE,46,46.66826571,313263.0546875,2609.97875596045
161,MUD,5,107-2,KE,228,227.42404351,1526398.125,5503.52587290293
162,STRONG BAY,4,117-2,QA,276,273.30911865,1835141.21875,6967.53186403176
163,CARVEL,3,118-1,QA,124,124.03074504,832244.078125,4998.95859350264
164,FERRY (QANNCO),5,118-2,QA,510,511.67312774,3433288.8359375,7476.78242832005
165,LONG POINT (CHESTER R),5,119-1,QA,444,444.6512945,2983045.78515625,8131.94610843316
166,REEDS,3,123-2,QA,10,10.24561371,68863.96484375,1236.36713844189
167,ROBINS COVE,4,123-3,QA,24,24.24340544,163013.65234375,1874.93266644536
168,OLD FIELD,7,124-1,QA,652,652.06177111,4384918.9375,10359.3985135615
169,HOLTON POINT,5,124-2,QA,150,150.24429626,1010542.85546875,4655.34846891437
170,TOWN POINT,5,125-1,QA,88,88.85025718,597567.734375,4625.30143010476
171,EMORY WHARF,3,125-2,QA,38,38.75737982,260651.1796875,2414.02679336223
172,EARLE COVE,4,126-1,QA,9,8.68158711,58378.59375,1046.44275761842
173,SHIP POINT,4,126-2,QA,6,7.08438662,47644.41796875,916.184476685276
174,POSSUM POINT,4,127-1,QA,12,12.72987233,85613.234375,1430.53202208095
175,SPANIARD POINT,6,127-2,QA,167,166.12590037,1117727.453125,5908.75439074349
176,EMORY HOLLOW,6,128-1,QA,177,176.87976449,1190292.7265625,5250.58769898038
177,SHEEP (QANNCO),4,128-2,QA,23,22.28723606,150000.296875,1969.31777102878
178,MUMMYS COVE,4,129-1,QA,26,25.48632503,171571.609375,1974.03683597499
179,HOLLYDAY (QANNCO),4,129-2,QA,27,26.89030135,181093.7890625,2118.38580137224
180,BOOKER WHARF,4,129-3,QA,9,9.03344374,60848.6796875,1001.99178721029
181,NORTHWEST (QANNCO),4,130-1,QA,28,28.95733212,195101.140625,2522.99845284605
182,RINGOLD MIDDLEGROUND,7,138-1,QA,258,258.45918689,1729655.41015625,6127.45640715213
183,ERICKSON SANDS,4,138-2,QA,130,129.03779945,863737.58203125,3921.36812088781
184,PEA HILL,5,139-1,QA,116,116.63487461,780858.3984375,3651.19593141779
185,STEVENS,6,139-2,QA,68,69.03307835,462223.21484375,3275.04195917947
186,JONES HOLE,6,140-1,QA,72,72.95966743,488589.57421875,3271.87202753272
187,POND MARSH,8,140-2,QA,153,154.50925819,1034966.4296875,4206.58317204476
188,ISLAND COVE,6,141-1,QA,99,99.97181701,669763.8046875,3669.57147049768
189,ROOKS,9,142-1,QA,117,117.05425813,784199.30078125,4454.77424483007
190,THOMPSONS,9,143-1,QA,122,121.86105469,816612.85546875,4852.57898511496
191,HOOD,8,153-1,QA,570,575.16633011,3851984.4140625,8905.85917313972
192,CABIN CREEK,11,154-1,QA,508,516.72808015,3461002.62890625,10052.0595162211
193,SAW MILL CREEK,6,155-1,QA,924,928.3497465,6214694.33203125,9646.31963110403
194,MILL HILL,5,156-2,QA,357,356.23500335,2383749.7421875,6371.85987958613
195,SHIPPEN HOLE,6,159-2,QA,58,58.9090957,393687.546875,3779.44770742028
196,MILLS,6,160-1,QA,94,92.64611555,619313.8359375,3631.18120334724
197,HOBBS,7,160-2,QA,56,55.19564133,369074.37890625,4556.15455740418
198,BAXTERS HOLLOW,6,161-1,QA,40,40.1442047,268505.78125,3218.65969709087
199,PACA,5,161-2,QA,55,54.16776707,362337.6171875,2862.13264713798
200,BRYAN,6,162-1,QA,52,51.27167321,342988.4453125,3196.21890426871
201,WYE ISLAND,7,162-2,QA,57,57.44987509,384256.2578125,3236.03604539904
202,DRUM POINT,5,163-1,QA,24,23.53265111,157395.8984375,1849.2471750746
203,WYE RIVER MIDDLEGROUND,6,163-2,QA,52,52.6726406,352238.76953125,2753.36107042644
204,HESS,5,164-1,QA,57,55.69764348,372334.1640625,3814.55511350847
205,STONE WHARF,4,164-2,QA,18,17.46827484,116775.23046875,1618.22793884756
206,RACE HORSE (QANNCO),4,165-1,QA,15,15.51306083,103700.8984375,2152.43957087349
207,WHETSTONE,8,165-2,QA,40,40.57675499,271278.86328125,3079.40172023105
208,MELVIN,5,166-1,QA,30,31.57483662,211151.37890625,2866.01030803765
209,DIVIDING,6,166-2,QA,37,39.33844584,263093.93359375,2691.71381341628
210,SHAWNS WHARF,6,167-1,QA,30,28.28530826,189177.265625,2573.66945941818
211,GRANARY POINT,4,167-2,QA,5,4.92758701,32954.9140625,932.121237383898
212,BROAD CREEK,5,116-1,QA,1560,1561.82035035,10481397.3164062,17401.3577255747
213,LOVE POINT,7,117-1,QA,2165,2169.97788113,14582111.4921875,19095.0324368032
214,BROAD NECK (SMARYCO),4,134-1,SM,55,54.56361603,360710.44140625,2753.24517695556
215,THOMAS (SMARYCO),3,134-2,SM,121,121.59286565,803586.69921875,5248.54489871823
216,NEALE,4,137-2,SM,214,214.67864859,1415821.8828125,4908.63691500997
217,MILLSTONE,4,141-2,SM,259,260.21915413,1712471.140625,5328.07816323758
218,DEEP POINT MUD,4,142-1,SM,228,228.27663664,1502491.296875,5222.71187957064
219,CEDAR POINT HOLLOW,10,144-1,SM,4850,4876.01121778,32053488.2265625,25842.6478575747
220,POINT LOOKOUT,7,149-2,SM,1314,1323.95406805,8655839.01953125,12752.1906715105
221,WEST ST. MARY'S,4,163-2,SM,16,12.79173766,83926.68359375,1196.04744540664
222,SEMINARY,5,163-3,SM,23,23.25606589,152589.4375,2446.64945223716
223,PAGAN,4,164-2,SM,7,7.0864029,46500.375,994.550228303467
224,BISCOE,4,165-1,SM,5,5.1519746,33806.74609375,741.152376775948
225,HORSESHOE,3,165-2,SM,11,11.58150485,76009.84375,1218.70778163245
226,BRYAN,5,166-2,SM,10,10.15431796,66651.97265625,1174.5567703738
227,MOULDY CREEK,4,174-1,SM,56,60.63079477,398704.40625,2825.81633869754
228,ISLAND,5,174-2,SM,33,32.80435528,215705.7265625,2372.10795314516
229,PAW PAW HOLLOW,5,175-1,SM,52,51.08448145,335890.45703125,2417.15628223558
230,LOVERS POINT,4,175-2,SM,41,41.28156762,271394.796875,2551.15873833821
231,GOUGH,4,176-2,SM,47,44.92987504,295285.38671875,2958.69853515963
232,RAILWAY,5,177-2,SM,240,239.09682346,1571582.2734375,6083.35891629163
233,BRETONS BAY,5,178-1,SM,96,95.12068628,625057.22265625,3134.91883378851
234,BLUE SOW,6,178-2,SM,58,57.2471215,376067.08203125,4177.54994964642
235,WHITE POINT,6,190-1,SM,194,195.59178503,1286661.79296875,6062.86918897013
236,BLAKISTONE,5,191-1,SM,26,25.34541899,166703.6171875,2196.59999305702
237,BLUFF POINT,7,191-2,SM,659,662.1146802,4353636.9921875,9314.77296117626
238,BROOKS SHALLOWS,4,133-1,SM,9,9.04743114,59871.60546875,980.429756021915
239,SOTHORON,4,133-2,SM,16,15.48695207,102462.828125,1324.56557815168
240,GEORGES,12,64-1,SO,576,576.71130962,3778873.4296875,12817.7786601271
241,SOUTHWEST MIDDLEGROUND,4,65-1,SO,3083,3089.41543199,20168127.6484375,18577.3106401626
242,PINEY ISLAND SWASH,8,68-1,SO,945,945.86442681,6194590.91796875,12957.0625227855
243,SANDY POINT,5,68-2,SO,49,49.61101538,325057.0234375,2730.96219987362
244,CORMAL,12,69-1,SO,358,358.88468454,2351222.69140625,10035.7887177892
245,MARSHY ISLAND,10,70-1,SO,1794,1798.40301251,11774577.6484375,21130.3225072553
246,DRUM POINT,14,71-1,SO,1732,1521.16322382,9957288.18359375,21068.1962632055
247,CHURCH CREEK,4,74-1,SO,1179,1179.24624773,7695736.59375,11168.8079666307
248,KITTS CREEK WEST,4,78-2,SO,25,25.39865372,165679.87890625,1692.76828482449
249,KITTS CREEK EAST,5,79-1,SO,68,69.93573755,456148.546875,3518.77162260601
250,MARYS DELIGHT,4,178-2,TA,139,138.04487301,921639.2578125,4304.78050451141
251,WADES POINT,5,179-1,TA,281,280.68840944,1875062.71484375,5493.02117157943
252,SEDGE MARSH,4,179-2,TA,63,62.2038124,415637,2812.56969305646
253,RICH NECK,4,180-1,TA,164,163.5422767,1093229.28125,4514.077035527
254,TILGHMANS POINT,6,180-2,TA,265,265.04953304,1771904.74609375,7379.58156230711
255,UPPER HARRIS CREEK,9,181-1,TA,189,189.084794,1261041.55078125,7567.40364553964
256,UPPER HILL,4,181-2,TA,17,16.94360214,113268.74609375,1411.83285431574
257,WYE TOWN,6,190-1,TA,121,121.20386889,809766.56640625,4671.47328839808
258,BRUFFS ISLAND,7,190-2,TA,110,108.46706004,724927.4453125,4775.02212989667
259,SHAW BAY HILL,4,191-1,TA,7,6.86660836,45886.73046875,860.80997062742
260,RACE HORSE,7,191-2,TA,136,133.04288713,889279.125,4536.9966582034
261,WINDERS BANK,5,192-1,TA,37,35.1361562,234887.46484375,2276.67482762655
262,POPLAR POINT,8,192-2,TA,54,51.37982639,343583.58203125,3861.00376614814
263,JUNIPER,4,193-1,TA,10,9.67823352,64725.890625,1214.45931796186
264,BAY HUNDRED,6,194-2,TA,1020,1015.38691723,6762058.05078125,11766.1197591095
265,PONE,4,195-1,TA,1477,1475.77680481,9819717.421875,14658.8976011973
266,WILD CHERRY TREE,5,199-1,TA,516,517.11488495,3441208.25,8073.31108397558
267,TURNROW,4,199-2,TA,182,181.61756316,1208821.78125,4496.49027844657
268,TILGHMAN WHARF,6,200-1,TA,761,759.9450567,5057580.53515625,9327.29061890634
269,CHANGE,5,200-2,TA,263,262.60724086,1748379.6015625,5867.49811908194
270,EAGLE POINT,7,201-1,TA,154,154.38774794,1028170.75390625,5244.51006983239
271,TURKEY NECK,4,201-2,TA,85,84.42598284,562286.2265625,3289.90308860868
272,MILL POINT,5,202-1,TA,214,213.83476847,1424516.08984375,5007.11490309302
273,HUNTS,8,202-2,TA,151,150.84683048,1004912.265625,4911.1561178564
274,SETHS POINT,5,203-1,TA,96,95.87500864,638827.30078125,3783.1872523459
275,LODGES,4,203-2,TA,153,152.68066653,1017522.48046875,4380.29313185738
276,WALNUT,4,204-1,TA,215,215.81802305,1438518.90234375,5078.48195957572
277,SMITH POINT,4,204-2,TA,89,89.19278391,594610.29296875,3508.95395478377
278,LITTLE NECK,4,205-1,TA,40,41.45083976,276343.0625,2407.96839603332
279,RABBIT ISLAND,4,205-2,TA,50,49.77800427,331895.64453125,2688.93652737969
280,BACK SHORE,8,220-1,TA,1284,1281.14361349,8513093.1484375,13408.8600166178
281,STONE CHURCH,4,221-2,TA,59,59.08722536,393016.39453125,3483.44658884685
282,STEWART ISLAND,5,222-2,TA,84,84.36206939,561340.2578125,3298.63036006695
283,PECKS POINT,6,223-2,TA,148,148.0084759,984957.4765625,4407.48551399276
284,MARES POINT,8,224-1,TA,156,154.89218762,1030824.8515625,5779.49490055783
285,LOUIS COVE,5,224-2,TA,214,213.14100955,1418340.5234375,5272.85629897835
286,BAMINGS COVE,5,225-1,TA,68,67.07808888,446493.14453125,2658.79651625882
287,OLD HOUSE POINT,9,225-2,TA,58,57.43275928,382308.75,3237.30147362762
288,TRIPPE,4,226-2,TA,11,11.51911858,76679.578125,1113.55223875511
289,MARSHY,7,227-1,TA,72,72.2664242,481094.3203125,3326.14624094672
290,FLATTY,4,227-2,TA,19,19.10919293,127242.18359375,1839.23534180654
291,OREM,4,228-1,TA,16,16.32805297,108723.765625,1599.56790068005
292,DOUBLE MILLS,9,228-2,TA,87,86.85468667,578451.6640625,4034.57186269424
293,JOHNSTON,4,229-1,TA,29,28.5656747,190261.890625,1942.64998458069
294,CAMDEN POINT,4,229-2,TA,20,20.19706098,134546.25390625,1905.17616499962
295,WATERMELON POINT,4,229-3,TA,25,25.07602058,167102.07421875,2609.10131855248
296,GIBSONS FLATS,6,233-1,TA,218,214.39097477,1429767.53515625,5830.64619840442
297,BAZZLES HILL,4,233-1,TA,105,103.99435221,693497.19921875,5028.8806536377
298,LONG POINT,5,234-1,TA,125,133.72329832,891486.32421875,4020.97601879618
299,BARNETT,4,234-2,TA,28,28.27533839,188481.44140625,1801.18296064621
300,CHLORA POINT,4,235-2,TA,272,266.6803515,1771136.4140625,6389.17513123682
301,BEACONS,6,236-1,TA,285,285.64219856,1896835.36328125,6571.66588275353
302,LA TRAPPE,7,236-2,TA,58,57.43435332,381486.23046875,3526.67684905787
303,HOWELLS POINT,9,237-2,TA,486,483.25079741,3207685.35546875,8435.03789638487
304,DICKINSON,8,238-1,TA,469,461.83400583,3065202.6875,9266.95936654321
305,SCRAPING LINE,4,239-1,TA,82,80.28905441,532579.10546875,3481.32139730344
306,BOLINGBROKE SAND,4,239-2,TA,106,104.06394639,690191.9921875,3894.62356024761
307,THE BLACK BUOY,4,239-3,TA,110,107.31172373,711610.7265625,3426.42416875078
308,SUGAR LOAF,4,240-1,TA,58,57.06381549,378383.97265625,2603.13848367266
309,CHANCELLOR POINT,6,240-2,TA,164,165.18419128,1095519.0859375,5176.4348402601
310,BRITISH HARBOR,6,241-1,TA,134,133.49476696,885621.9140625,4143.07980849237
311,GOOSE POINT,4,241-2,TA,68,67.87774283,450349.375,3517.9892212787
312,MILL DAM,5,242-1,TA,164,164.40625071,1091036.28125,4391.37084281856
313,JAMAICA POINT,4,242-2,TA,19,18.73300813,124343.9921875,1411.62226446729
314,SPAR BUOY,3,242-3,TA,19,20.16016007,133901.68359375,2328.74212312947
315,BAKERS COVE,4,226-3,TA,24,24.01081876,159810,1985.59882140337
316,POPLAR ISLAND,4,177-1,TA,1134,1139.42850133,7598764.515625,13156.1951934699
317,SAND LUMP,3,43-1,WI,4,4.26868596,28103.82421875,779.542466320555
318,HICKORY NUT,3,43-2,WI,16,16.45859387,108351.38671875,1579.13398745537
319,OLD WOMANS PATCH,3,43-3,WI,8,8.20270797,53995.2109375,1092.92432570145
320,CEDAR SHOAL,4,44-1,WI,37,38.14004487,251045.73046875,2095.18736181755
321,LONG SHOAL,3,44-2,WI,14,14.43975251,95048.6328125,1543.5516993044
322,CHERRY TREE,3,44-3,WI,8,8.16114737,53715.18359375,1059.22332041775
323,WILSON SHOALS,5,45-1,WI,233,232.86400981,1532251.6328125,5678.1039046543
324,ROARING POINT EAST,3,45-2,WI,35,35.64749867,234379.72265625,2669.06627536171
325,UPPER STAKE,4,42-1,WI,57,57.84663925,381095.31640625,2843.00019748807
326,WETIPQUIN,3,42-2,WI,24,23.96449789,157858.10546875,2008.32811935112
327,BLOODSWORTH,7,149-1,DO,253,253.87602205,1666720.0078125,5910.34939011966
328,SANDGATES,6,135-1,SM,130,130.58629634,862374.890625,5579.43617791448
329,COX,5,235-1,TA,24,24.29681103,162006.04296875,1901.3036712456
330,SHORT POINT,5,166-1,SM,16,15.01910007,98571.88671875,1672.32195469705
331,STONY,5,176-1,SM,105,102.15438204,671534.54296875,5145.76314650136
332,CASTLE HAVEN,6,118-1,DO,1125,1113.14100272,7392229.0703125,14892.7973269363
333,BLACK WALNUT,7,177-1,SM,254,257.91513229,1694981.4140625,7213.81608957008
334,MOUNTAIN POINT,6,27-2,AA,1630,1627.42915571,10945220.203125,16800.0382097592
335,SANDY POINT NORTH,5,31-1,AA,490,489.08997773,3284504.98828125,8687.50390128607
336,SANDY POINT SOUTH,7,31-2,AA,398,397.56842097,2667766.06640625,7830.58820254761
337,HACKETT POINT,8,32-1,AA,1120,1116.59882048,7487391.015625,11866.4318930214
338,WHITEHALL CREEK,5,32-2,AA,46,45.82594829,307441.84765625,3048.78398943789
339,SAND SPIT,3,33-1,AA,6,5.88466855,39477.9453125,1037.85470045057
340,WRECK BUOY,4,34-1,AA,47,46.77144494,313525.390625,2419.04158983411
341,UNDER THE GUMS,6,45-2,AA,481,480.30194368,3216105.83984375,8664.82362332621
342,THOMAS POINT NORTH,8,46-1,AA,446,448.71293073,3003133.5390625,8133.23696280058
343,THOMAS POINT SOUTH,7,47-1,AA,508,509.45952692,3408551.66796875,9654.01618711577
344,OLD WOMAN,4,47-2,AA,573,574.90006413,3846406.53515625,8103.37982895414
345,MARSHY POINT,6,48-1,AA,609,608.28736076,4070224.87109375,9140.75909625876
346,TURKEY POINT,7,48-2,AA,61,60.80923863,407006.9453125,3748.75696526928
347,RULER FLATS,4,49-1,AA,112,110.74724326,741286.734375,3611.46190572495
348,SWAN REEF,5,49-2,AA,249,249.14520382,1667887.1328125,5091.55842993871
349,OUTER ROUND POINT,4,50-1,AA,66,66.61455185,445920.203125,3009.38624539537
350,INNER ROUND POINT,3,50-2,AA,13,13.20519819,88411.47265625,1560.77624680286
351,HILL POINT EAST,4,50-3,AA,22,22.22864662,148837.92578125,1950.67317967629
352,HILL POINT,3,51-1,AA,46,45.456654,304361.8359375,3025.9066437357
353,ROCK POINT,3,51-2,AA,12,11.99596596,80322.05078125,1304.84747119052
354,FOX POINT,3,51-3,AA,10,9.56035297,64023.06640625,1428.37065713859
355,PURDY FLATS,3,52-1,AA,36,35.77581027,239574.1171875,2452.6212256084
356,SAUNDERS,5,55-1,AA,544,540.60279892,3615904.7890625,9036.59601319152
357,LULU,5,56-1,AA,1710,1693.426392,11322943.5703125,14392.4495302887
358,DUTCHMAN,4,56-2,AA,644,638.76647418,4270818.13671875,9079.01479222619
359,THREE SISTERS,6,56-3,AA,3510,3480.29381999,23254559.9804688,19562.3782354848
360,CURTIS,4,57-1,AA,158,156.90277379,1048673.296875,4359.67681783448
361,COLLINS FLATS,4,57-2,AA,24,23.19858016,155034.8828125,1773.67301000869
362,POTATO HILL,3,57-3,AA,4,3.64587191,24367.625,856.255862850544
363,CEDAR POINT,4,58-1,AA,39,38.53514478,257522.53125,2298.27781173878
364,BARREN NECK,4,58-2,AA,55,54.78085115,366098.1953125,2853.54911284818
365,TUCKER,4,59-1,AA,10,10.10717003,67531.30859375,1064.56424950325
366,CHESTON POINT,4,59-2,AA,41,40.41806993,270195.9765625,3151.65773746439
367,DUTCHMAN HOLLOW,3,59-3,AA,5,4.93756537,33013.96484375,951.693639631339
368,BRICE FENCE,3,60-1,AA,5,4.67923768,31286.5234375,1001.91549482571
369,STONY HOLLOW,4,60-2,AA,19,18.82266696,125872.421875,1895.34242201199
370,CHERRY,3,60-3,AA,4,3.77775834,25262.84375,853.181876549055
371,JACKASS,4,61-1,AA,10,9.52448176,63700.77734375,1149.45404099826
372,BOLSTON BANK,3,61-2,AA,6,5.84253064,39073.92578125,966.992503197845
373,HIGH ISLAND,3,61-3,AA,4,4.05689545,27134.7734375,843.00682200485
374,FLAT ISLAND,3,62-1,AA,10,9.69422095,64845.35546875,1336.17916433852
375,BUCE,3,62-2,AA,6,5.5153722,36897.015625,997.643481431981
376,LUMPS EAST OF CRAIGHILL CHANNEL,7,26-1,AA,7548,7510.7437105,50563210.75,34730.7592332935
377,BODKIN POINT NORTH,5,26-2,AA,547,541.66584917,3649571.9375,8698.72926690953
378,BODKIN POINT SOUTH,4,27-1,AA,415,414.54389268,2791393.94921875,7191.59972378938
379,GOVERNORS RUN,6,67-1,CA,528,524.10437815,3470404.09765625,10359.0928011864
380,EMANUEL,5,67-2,CA,1116,1128.11884994,7463552.22265625,13012.3942153622
381,JACKS BAY,4,73-1,CA,333,335.39685235,2214665.40625,7197.36087952616
382,PARKERS WHARF,4,73-2,CA,188,189.52605003,1251156.96484375,5191.18049752934
383,BROOME ISLAND,5,74-1,CA,171,172.37205143,1137752.4453125,4328.16750233828
384,ISLAND CREEK,4,74-2,CA,32,31.94281195,210820.78125,2435.23951434795
385,PETERSON (CALVCO),5,75-1,CA,420,422.24578897,2786056.61328125,7664.92189054443
386,MEARS (CALVCO),6,75-2,CA,251,254.71516,1679816.71875,6094.97580049509
387,HELLEN,9,76-1,CA,226,226.27611848,1491694.078125,6696.78332648501
388,HUNGERFORD HOLLOW,4,76-2,CA,65,66.15636547,435850.8359375,3008.71276060173
389,BARN GATES,9,76,CA,173,172.00719616,1132901.68359375,6041.85476662234
390,BACK OF ISLAND,6,78-1,CA,97,97.77118072,643804.6328125,6190.44259709761
391,SWASH,7,80-1,CA,16,16.08081262,105895.8359375,1606.96220925944
392,SANDY POINT LUMPS,4,80-2,CA,74,73.33594678,482817.734375,3187.28927735918
393,SOUTHEAST MIDDLE-GROUND,11,81-1,CA,281,280.92593015,1849666.01171875,7088.51943836831
394,LIGHT HOUSE LUMP,4,82-1,CA,35,36.84159344,242566.0859375,2128.60608954122
395,OLD LUMP,3,82-2,CA,15,14.66051892,96532.671875,1436.57629217953
396,CARROLL MUDS (CALVCO),4,82-3,CA,54,55.17981498,363313.05078125,3538.1034317938
397,SIMMONS,4,83-1,CA,27,27.94704106,184062.22265625,1746.78187230711
398,CHINESE MUDS (CALVCO),6,83-2,CA,1348,1366.35404658,9001186.16015625,13092.4665991377
399,PARKER MOORE,4,84-1,CA,218,219.74801385,1447838.734375,6187.36352463044
400,LITTLE COVE POINT,4,85-1,CA,215,216.70888961,1428175.30078125,4831.09249306166
401,COVE POINT BIGHT,4,85-2,CA,218,216.67785651,1428614.8671875,6511.36517352486
402,UNDER THE CLIFFS,4,84-2,CA,40,39.76726046,262022.1328125,4089.3675620263
403,UPPER STEPS,4,65-1,CA,271,268.86393279,1788100.11328125,5359.68302260896
404,JOES LUMPS,6,48-1,CH,385,386.53293456,2545618.59765625,7091.61198306747
405,WINDMILL,7,48-2,CH,308,308.05786258,2028054.5546875,6270.18216825256
406,FENWICK,4,49-1,CH,152,154.89411978,1019468.79296875,4179.26177095544
407,WICOMICO MIDDLE GROUND,4,49-2,CH,163,166.67659123,1096788.53125,4620.97658747929
408,CHARLESTON CREEK,4,50-1,CH,142,145.78439676,959044.328125,4196.28723248292
409,LANCASTER,5,50-2,CH,185,182.82446253,1202486.76953125,4355.11699729567
410,ROCK POINT,10,51-1,CH,258,260.23101663,1711240.21875,6115.55368394401
411,SHIPPING POINT,6,52-1,CH,94,93.71224264,616089.8984375,3781.25598860863
412,COBB POINT,5,52-2,CH,122,122.19681588,803040.87890625,4237.67205553786
413,WICOMICO LUMPS,5,47-1,CH,214,215.51825319,1420120.20703125,5783.91362760119
414,STODDARD,4,46-1,CH,34,34.02960688,224324.4140625,2060.48484974929
415,MILLS WEST,4,47-2,CH,124,127.21702379,838057.7734375,3852.33253502962
416,BRANNOCK,4,120-3,DO,58,57.0620353,378711.953125,2547.8224092041
417,MILL POINT,4,121-1,DO,23,23.03285726,152826.12109375,1691.47616466644
418,HILLS POINT,5,121-2,DO,348,346.01110618,2294932.78515625,6397.60834231453
419,HILLS POINT NORTH,4,121-3,DO,208,207.4687154,1375906.63671875,5661.89770337221
420,HILLS POINT SOUTH,6,122-1,DO,1088,1077.30360218,7141278.41015625,14638.3785315206
421,JAMES POINT,6,122-2,DO,1248,1234.05948339,8176194.4453125,11391.1857119724
422,TRAVERS,6,123-1,DO,252,248.55486115,1644379.76171875,7490.09925617982
423,MARSHALL,3,123-2,DO,7,6.6939501,44285.4609375,998.475813248916
424,OYSTER CREEK,4,124-1,DO,5,4.69147773,31040.6875,704.887367942019
425,GRANGER,4,124-2,DO,42,41.66287379,275728.578125,2259.3138389017
426,CATORS,4,124-3,DO,69,68.09157216,450683.78515625,3020.66416344362
427,HENPECK,4,125-1,DO,92,90.70774661,600404.515625,3632.64717366355
428,SLAUGHTER CREEK,4,125-2,DO,118,117.83839392,779882.6796875,3840.24543032392
429,HOOPER,4,125-3,DO,234,231.77909781,1534271.04296875,6066.64345402687
430,NINE ACRES,6,126-1,DO,320,319.58698145,2115793.08984375,6009.44384706187
431,LITTLE CHOPTANK,4,126-2,DO,168,166.70674853,1103755.6875,4301.70655175479
432,RAGGED POINT,6,127-1,DO,654,652.25463305,4320304.34375,8557.09165934119
433,PEANUT HILL,6,127-2,DO,314,313.92650039,2079888.66796875,6916.43899874431
434,RAGGED POINT FLATS,5,128-1,DO,235,234.68049969,1555164.984375,5601.47273749891
435,COW ISLAND,4,128-2,DO,86,85.41203754,566045.33984375,3376.89774520665
436,BALD EAGLE,4,129-1,DO,135,134.08017328,888692.4140625,3986.92636525732
437,TODD POINT,11,130-1,DO,1932,1919.84446435,12755792.8710938,19836.2220089504
438,BRIDGE,4,138-3,DO,5,5.28603361,34952.57421875,779.504444722019
439,STONE PILE,4,139-2,DO,86,86.38654434,569170.91015625,3219.71593301423
440,NEW DISCOVERY,4,139-3,DO,180,177.5473382,1168519.375,5259.57525073945
441,HORSE POINT CHANNEL,4,140-1,DO,73,70.64549085,464961.18359375,3251.23009342734
442,WARE,4,140-2,DO,22,22.0653693,145166.68359375,1527.90787412136
443,WHITE WOOD,4,141-1,DO,20,20.53371847,135188.36328125,1500.44471181338
444,TAR BAY,4,141-2,DO,90,89.08811109,586879.7421875,3371.71589269022
445,TUBBMANS DRAIN,5,142-1,DO,529,526.3342963,3468907.421875,7321.02955880253
446,PEANUT,3,142-2,DO,236,235.52783728,1552311.140625,5982.43885141168
447,GUM,6,142-3,DO,502,500.28611933,3296436.10546875,7123.75296291263
448,WROTEN ISLAND,7,143-1,DO,715,712.02944499,4688383.15625,12473.0244223986
449,SMOKE POINT,4,143-2,DO,36,35.77691318,235452.0859375,2309.3082436644
450,DARK POINT,7,144-1,DO,903,896.68764363,5902246.39453125,10885.1470694856
451,LAKES COVE,7,144-2,DO,386,384.9299742,2532747.6640625,7652.59871207329
452,WINDMILL,4,145-1,DO,527,524.15365846,3446989.8125,7605.89139784901
453,HICKORY,4,145-2,DO,140,140.40071204,923269.84375,5051.37049075603
454,LOWER THOROUGHFARE,5,146-1,DO,174,171.22066274,1125547.08203125,5108.23034576668
455,PAUL,4,146-2,DO,45,44.97070634,295726.8984375,2271.26445951057
456,CRAB POINT,4,147-1,DO,37,36.4304009,239537.63671875,2210.15375814771
457,HOOPER STRAIT,4,148-1,DO,323,321.56488593,2111353.66796875,6312.49224874574
458,RICHLAND,4,148-2,DO,28,27.3481068,179554.78125,1717.79122794037
459,BELL BUOY,8,150-2,DO,910,916.66223141,6017287.4296875,11651.7116850683
460,JANE,4,151-1,DO,62,61.56406529,403982.09375,2661.39873344027
461,MUD (DORCHESTER COUNTY),4,151-2,DO,250,251.55043888,1649486.875,6445.18776883961
462,SHARKFIN SHOAL,7,152-1,DO,965,967.46820786,6351909.21875,14388.4311429389
463,WARE SANDS,6,152-2,DO,343,344.32873374,2261487.4765625,7287.64853080843
464,SAND SHOAL,4,153-1,DO,736,738.59198631,4852276.671875,10257.9056214702
465,CLAY ISLAND,4,153-2,DO,396,396.26833406,2603333.7109375,7083.75490155167
466,EVANS,6,154-1,DO,1000,1001.07003933,6579495.59765625,10525.6151293856
467,GOOSE CREEK,5,154-2,DO,752,757.25961448,4979485.3984375,9029.79925934821
468,DUCK ISLAND,5,155-1,DO,282,281.65717834,1852168.65234375,5568.86921801032
469,BUNGAY,5,155-2,DO,369,369.5994129,2431639.63671875,7911.52614719795
470,OLD HOUSE,4,156-1,DO,130,130.98026554,861999.84765625,5522.63324005317
471,POINT,4,156-2,DO,10,10.21198714,67227.7890625,1095.58536016458
472,HILL,4,156-3,DO,75,75.20027858,495123.46875,3341.08966340307
473,THOROUGH,4,157-1,DO,137,137.78995475,907303.34375,3942.60855109139
474,HALF WAY MARK,5,157-2,DO,101,101.28188493,666941.0546875,3970.3923659702
475,FLAT ROCK,4,157-3,DO,184,184.42599284,1214642.66015625,5036.44409390449
476,FROG POINT,4,158-1,DO,74,74.08915791,486633.328125,3305.91765590988
477,BOUNDARY,5,161-2,DO,102,101.92097023,666786.546875,3959.65196079624
478,HOLLAND STRAITS,12,162-1,DO,673,670.8804925,4392571.6953125,17494.8666525318
479,PUNCH ISLAND CREEK,4,139-1,DO,1798,1782.37971098,11769051.4023438,15509.8158941281
480,RED SECTAR,4,150-1,DO,57,57.04293972,374494.8671875,2507.56910860785
481,RED BUOY,4,119-1,DO,117,116.71619539,775394.27734375,4017.7684857727
482,SPEDDEN,6,119-2,DO,122,121.67801744,807987.078125,4487.2826861246
483,DUPONT,4,120-1,DO,32,30.87376748,204954.83984375,1989.42617274398
484,DIAMOND,5,120-2,DO,800,791.84482374,5255963.1640625,9395.14430811197
485,COAL LUMP,4,96-1,KE,210,213.67556117,1443944.13671875,5257.41976410961
486,MITCHELLS BLUFF BUOY,4,97-1,KE,94,94.12546897,635448.8203125,3586.67683326383
487,TOLCHESTER LUMP,4,97-2,KE,39,39.06025408,263711.609375,2476.86025676677
488,HODGES,5,98-1,KE,298,295.27042776,1991544.3515625,8071.13797940606
489,SWAN CREEK,4,100-1,KE,7,6.43895942,43392.3359375,955.149671806655
490,ROCKHALL,3,100-2,KE,5,5.53708078,37309.9296875,917.936291834269
491,WHITE HORSE,5,100-3,KE,7,6.94077497,46766.2265625,955.825824709005
492,THE HAVEN,4,101-1,KE,6,6.33384242,42674.15625,927.105591638719
493,DEEP LANDING HOLE,4,101-2,KE,5,4.54647573,30633.1953125,770.51192292847
494,LITTLE NECK,4,101-3,KE,27,27.10249737,182579.7109375,2297.96664815055
495,TAVERN CREEK,4,102-1,KE,12,11.96704405,80622.6484375,1433.86294919154
496,HAIL CREEK,4,108-2,KE,26,26.41348701,177283.8515625,1880.78594112138
497,HAIL POINT,4,109-1,KE,115,115.26662499,773574.79296875,3822.77936493832
498,BLACK BUOY,3,109-2,KE,60,59.93572393,402305.65625,2971.22685249775
499,DURDIN,4,109-3,KE,309,304.83989833,2046952.04296875,6645.34863199817
500,BELTS,7,110-1,KE,139,139.3100229,935858.7265625,6631.50710816854
501,PINEY POINT (KENT COUNTY),3,110-2,KE,112,96.94948085,651374.5078125,6790.38769340204
502,LIMEKILN,4,112-2,KE,94,93.55113128,629313.0390625,4463.46984379183
503,PHOENIX SHOAL,4,95-1,KE,46,46.16044009,312270.72265625,2680.23208380684
504,DEEP SHOAL,4,95-2,KE,90,90.40859155,610948.5234375,3492.65337970069
505,FLOOD POINT,5,119-2,QA,20,20.8213502,139628.8515625,1536.01125373839
506,KENT ISLAND NARROWS,4,120-1,QA,42,41.99605604,281593.02734375,3148.65384753458
507,BLUNT,4,120-2,QA,379,378.27615738,2537011.0703125,8231.04050920524
508,POPLAR,4,121-1,QA,72,72.42858655,485995.8125,3344.39912005663
509,CARPENTER ISLAND,5,121-2,QA,323,324.32875258,2177159.1328125,6165.04787209475
510,HORSE RACE,5,122-1,QA,520,519.9516217,3491646.73046875,7713.58614075789
511,PINEY POINT (QANNCO),5,122-2,QA,386,400.83013937,2692905.0390625,7606.43726057887
512,HELLS DELIGHT,4,123-1,QA,396,395.08646557,2655515.09765625,7327.60972660135
513,BRICK HOUSE,6,130-2,QA,892,886.85333367,5941905.33203125,13019.3640165935
514,GUM THICKET,5,131-1,QA,600,599.42511304,4009241.9453125,10612.4026769282
515,KENT POINT,6,131-2,QA,839,835.5727391,5583295.59765625,12001.0710031654
516,LONG POINT (EASTERN BAY),7,132-1,QA,250,249.67591445,1669142.203125,8261.39327701581
517,BRICK HOUSE HILL,4,133-2,QA,34,34.63696437,231660.109375,2285.71724187788
518,BUNKER HILL,4,133-3,QA,31,31.14528565,208315.67578125,1905.5449953093
519,TURKEY POINT,4,134-1,QA,302,301.84814126,2019480.09375,6026.20443196896
520,MIDDLE BLOCK,5,134-2,QA,173,181.8962005,1216900.3828125,5157.06569216328
521,WILD GROUND,5,135-1,QA,506,509.96965334,3411745.25390625,7672.60320174957
522,PINE TREE,3,135-2,QA,10,9.37705455,62736.3828125,1357.39845706546
523,MATTAPEX,8,136-2,QA,132,132.47981843,886763.64453125,4429.76113677094
524,SHIPPING CREEK,5,137-1,QA,106,106.13559771,710282.3125,3360.11897398358
525,BATTS NECK,4,137-2,QA,304,301.37042183,2016786.265625,6134.9844483243
526,JOHNSON ISLAND,4,143-2,QA,124,127.66997566,854969.3984375,4153.96240304634
527,CRAB ALLEY LUMPS,5,144-1,QA,395,398.21826561,2666400.609375,6920.29717696064
528,CEDAR ISLAND,8,144-2,QA,425,428.17799969,2866689.046875,7238.81644205865
529,NORMANS FINE EYES,7,145-1,QA,349,350.69794238,2347409.9453125,7688.80152106475
530,COX NECK,6,145-2,QA,404,405.50778397,2714011.6015625,6548.23551665312
531,BODKIN ISLAND,4,146-1,QA,129,130.57921219,873857.21875,4337.31982719414
532,PARSONS ISLAND,7,146-2,QA,339,339.09215983,2269054.3125,6920.54344846975
533,BUCKHORN,5,147-1,QA,36,36.18324249,242553.65234375,2250.02505467771
534,WELL COVE,9,148-1,QA,145,147.78742795,990579.38671875,4655.30275115752
535,SANDY POINT,7,149-1,QA,88,87.79519923,588466.62109375,4154.34522864532
536,HOG ISLAND,4,149-2,QA,60,59.55943624,399188.28515625,2788.37253105459
537,WALTER WHITE,6,150-1,QA,267,265.02574701,1775796.68359375,5958.091251394
538,PROSPECT,4,150-2,QA,114,115.82107792,776006.7734375,4248.40345662995
539,DOMINION,7,151-1,QA,181,182.72658889,1223908.796875,4866.90535218495
540,BIBBY,5,151-2,QA,106,107.40588258,719332.59765625,3535.713011272
541,NORMANS MARSH,7,152-1,QA,209,210.10165905,1406876.4609375,5695.66388799781
542,PARSONS ISLAND NARROWS,7,155-2,QA,133,134.02343042,897198.74609375,5592.67637100177
543,BALD EAGLE,6,156-1,QA,281,278.13539591,1861031.74609375,6507.33083143844
544,GREENWOOD CREEK,4,157-1,QA,8,8.10359588,54205.65625,1027.15901651412
545,PROSPECT POINT,4,157-2,QA,29,29.17652933,195135.73046875,1898.24317483732
546,BUGBY,8,158-1,QA,1120,1113.8106771,7448882.4765625,12102.0813059738
547,COFFEE,6,158-2,QA,585,582.71669726,3895022.04296875,8711.22920800596
548,PERSIMMON TREE,5,159-1,QA,453,448.9759219,3000065.5,7282.3509215679
549,GREEVES COVE,7,135-3,QA,53,54.55229029,365132.60546875,2720.47945149029
550,BODKIN SHOALS,10,133-1,QA,1632,1628.70911099,10891753.7578125,13151.5649724742
551,UPPER FORREST,4,135-2,SM,40,39.53985454,261054.890625,2658.28435509212
552,LOWER FORREST,4,135-3,SM,20,20.15231535,133021.25,1472.30093990369
553,GATTON,5,136-1,SM,158,157.29974577,1037891.796875,5260.60026513531
554,CAPTAIN POINT,4,136-2,SM,9,9.4249988,62172.984375,1003.51185715532
555,PETERSON (SMARYCO),3,137-1,SM,91,89.25112183,588857.09375,4163.77772609447
556,MEARS (SMARYCO),3,137-3,SM,57,55.48740392,365927.90234375,3928.62346174852
557,HALF PONE,4,138-1,SM,51,50.87536104,335430.04296875,2350.42055057478
558,HAWKS NEST,8,138-2,SM,325,323.59714165,2132251.9375,7218.76672777318
559,BOB WISE,5,139-1,SM,38,38.86759651,255993.9375,3037.13130025806
560,SPENCERS,4,139-2,SM,105,106.73548915,702933.8984375,4041.3203908056
561,TOWN CREEK,4,140-1,SM,34,34.78369975,229027.28515625,2263.26924886158
562,GOODWIN,4,140-2,SM,7,7.22477675,47560.17578125,897.562798880246
563,LA GRANDE,5,141-1,SM,143,143.64740769,945354.61328125,4628.66950267734
564,CARROLL MUDS (SMARYCO),5,142-2,SM,308,311.84977403,2052968.0078125,5940.77237856629
565,HOG ISLAND,4,143-1,SM,486,492.38188342,3241665.51953125,7472.34515286629
566,CHINESE MUDS (SMARYCO),5,143-2,SM,984,997.34685749,6567409.9609375,10916.5602550241
567,TENACRES,4,145-2,SM,682,685.62091534,4498146.125,9518.13909095563
568,MCKAY,9,146-1,SM,840,846.76043161,5553162.16015625,11318.790130898
569,ST. JEROME,4,147-2,SM,26,25.24912514,165372.5,2102.17954063607
570,SHAVING PILE,3,147-3,SM,94,95.03383428,622352.25,3969.63817225289
571,BUTLER,6,148-1,SM,523,522.21442852,3418924.48046875,7382.67423618671
572,OLD HARE,4,149-3,SM,140,141.15621257,924015.30859375,4427.68018973129
573,SMITH CREEK,10,150-2,SM,148,147.92563834,968597.98828125,4950.04166411947
574,GRAVES,5,151-2,SM,50,48.00307442,314397.47265625,4360.20227172135
575,JUTLAND,6,151-3,SM,50,65.39558968,428292.96484375,5370.30509154563
576,DUNBAR,4,152-2,SM,5,4.63134626,30332.078125,763.148653851006
577,SEDGE POINT,3,153-1,SM,40,39.07741327,255838.3046875,2664.69651627648
578,MOUTH OF CREEK,5,153-2,SM,180,178.34644874,1167784.83203125,5682.63877610452
579,CHICKEN COCK,5,153-3,SM,140,139.53838494,913754.9609375,4341.90917672026
580,CHERRY,6,154-2,SM,264,265.48425988,1738904.3046875,5593.89143527923
581,MIDDLEGROUND LUMP,3,155-1,SM,10,10.58125486,69315.6328125,1200.61154509044
582,FORT,4,155-2,SM,92,94.71560601,620473.82421875,4369.75556401702
583,EDMUND,4,155-3,SM,59,59.0537738,386928.828125,2683.86175578815
584,COAD,4,156-1,SM,123,123.17977641,807216.36328125,3550.2084496033
585,LANGLEY HOLLOW,5,156-2,SM,88,86.73953997,568405.2734375,4095.20030564153
586,PRIEST,5,157-1,SM,78,78.57521115,515013.5625,3658.52806475056
587,CARTHAGENA CREEK,5,157-2,SM,49,48.79761254,319863.43359375,2444.05959781467
588,THOMPSON CREEK,6,158-1,SM,89,88.59371509,580770.08203125,3444.47191080628
589,RALEYS SHORE,4,158-2,SM,32,34.06142351,223284.1171875,2115.38682575543
590,KENNEDY,4,159-1,SM,15,15.58752703,102190.7421875,1484.62392399489
591,JONES,4,159-2,SM,17,17.50554095,114769.4609375,1451.47437304995
592,ST. INIGOES NORTH,4,160-1,SM,15,19.34975606,126883.4609375,1492.90942069538
593,ST. INIGOES SOUTH,4,160-2,SM,12,10.0847077,66124.16796875,1553.0313790692
594,COPPAGE,4,161-1,SM,45,53.12318061,348302.5234375,2505.74440894169
595,COOPER CREEEK,5,161-2,SM,23,25.87276511,169653.2734375,2180.039638391
596,ROSECROFT HOLLOW,7,162-1,SM,45,44.83008971,293947.58984375,3565.77738690277
597,GRAVELLY RUN,6,162-2,SM,85,85.37375706,559961.328125,5831.20428695773
598,ST. GEORGE,5,167-1,SM,132,131.27778423,860001.38671875,4518.30150460467
599,HURDLE,5,167-2,SM,176,178.06094588,1166333.44140625,4327.34283058756
600,GOOSE POINT,4,168-1,SM,88,86.25907488,565097.77734375,3329.77139489588
601,ISLAND SHORE,5,168-2,SM,154,155.88723244,1021259.86328125,4419.2480292782
602,MILBOURNE SHORE,9,169-1,SM,174,173.98361802,1139924.859375,6137.13717599146
603,STRAITS,4,170-1,SM,10,9.52017779,62375.703125,1225.99121291047
604,TARKHILL,6,170-2,SM,113,112.80426866,739261.76953125,4609.83669819357
605,SWAN,4,171-1,SM,50,49.65356697,325390.38671875,2779.43987553318
606,ROLLIN,4,171-2,SM,26,26.39839902,173021.96875,1942.62082832946
607,CEDAR POINT,4,171-3,SM,36,35.13367287,230281.46484375,2299.95965143273
608,SHEHAN,10,172-2,SM,63,61.56701652,403565.46484375,2873.46191602738
609,LONG,3,173-2,SM,23,19.81152889,129879.734375,2034.16382090106
610,CHADWICK,4,173-3,SM,18,17.75938539,116435.06640625,1576.2834501943
611,HERON ISLAND SOUND,3,179-1,SM,230,227.03012518,1491047.68359375,6725.02547759116
612,HERON ISLAND REEF,4,179-2,SM,50,49.995658,328292.6796875,3110.34468102795
613,DUKEHART CHANNEL,5,179-3,SM,344,343.95190054,2258782.98828125,6221.85618896388
614,HORSE,5,180-2,SM,300,297.01286869,1951004.7421875,5519.77613874091
615,ST. CLEMENT ENTRANCE,4,180-3,SM,120,118.89845013,780979.015625,3690.17418464797
616,OLD WRECK,3,181-2,SM,35,33.12396288,217637.8359375,2318.94277312233
617,NEWTOWN FLATS,5,181-3,SM,110,109.64583476,720461.390625,4674.0895699398
618,CANOE CREEK,6,182-2,SM,74,75.69898882,497539.8828125,3107.51002637972
619,CHAPEL POINT,4,182-2,SM,310,325.38201484,2138966.66796875,8507.85716601081
620,BLUFF WOODS,5,183-1,SM,135,137.27987003,902513.42578125,4253.32933620715
621,MILEYS CREEK,6,183-2,SM,120,120.19684325,790404.48046875,3984.11536736078
622,ABELL,4,184-1,SM,25,25.9075923,170396.3671875,1606.76574425552
623,REED POINT,8,184-2,SM,198,195.73039998,1287729.26953125,5306.28221999899
624,GUEST MARSHES,6,185-2,SM,94,91.22353322,600304.35546875,4125.72554525691
625,HARRY JACKS,6,186-1,SM,124,126.90849539,835117.7109375,3690.88093334496
626,KEY,5,186-2,SM,115,115.67003283,762658.50390625,3485.86271826034
627,COHOUCK,5,187-1,SM,128,127.9528537,843277.8125,3809.52835715691
628,CHAPTICO LUMPS,3,187-2,SM,137,138.5612189,912979.640625,4343.07364004781
629,MILLS EAST,4,188-1,SM,134,132.20639742,870972.4453125,4249.40714982257
630,RUSSELL,4,188-2,SM,325,325.9462526,2146759.83984375,7156.48751721916
631,MANAHOWIC CREEK,4,189-1,SM,184,186.22551648,1226048.41796875,4768.48200139507
632,BRAMLEIGH CREEK,6,189-2,SM,323,320.79343302,2111250.98828125,6133.97506218293
633,WHITE POINT HOLLOW,6,190-2,SM,18,17.55821954,115507.01171875,2193.41480087395
634,MOUTH OF RIVER,5,192-1,SM,108,108.4543925,712860.10546875,3702.28445266584
635,ST. MARGARET,4,192-2,SM,12,11.79171347,77506.23828125,1341.84617212788
636,BULLOCK,4,193-1,SM,204,205.35072161,1349502.65625,5171.61261205667
637,BULLOCK ISLAND,4,193-2,SM,6,5.5652288,36573.55859375,765.919902905234
638,ST. CATHERINE,4,194-1,SM,33,33.07379616,217327.34765625,2348.15709726657
639,HACKLEY CREEK,4,194-2,SM,19,19.36704568,127233.3515625,1882.43804991756
640,WATERLOO,6,195-1,SM,29,27.9906417,183864.97265625,2488.73769980786
641,SILVER SPRING,3,195-2,SM,16,16.7218039,109847.421875,1727.70545943363
642,FISH HAWK,4,146-2,SM,696,702.72078937,4606814.765625,8927.96394817328
643,POINT LOOK-IN,8,148-2,SM,1772,1783.79035265,11670610.6835938,16827.7584367083
644,ROCKY BEACH,8,144-2,SM,2102,2109.7905145,13852702.125,15962.7894190599
645,OLD ORCHARD,4,60-2,SO,415,416.75953728,2732502.125,7248.59294294006
646,HAINES,6,61-1,SO,960,965.87353407,6336565.03125,12682.3450326045
647,HALLS POINT,6,61-2,SO,643,648.62820542,4257035.4140625,9249.54297525502
648,ROCK CREEK,3,62-1,SO,10,9.67603102,63514.9453125,1161.85554762719
649,EVANS,5,62-2,SO,404,403.17464461,2646813.2265625,7837.5574097329
650,BUOY,4,62-3,SO,42,42.17475592,276889.40234375,2149.68991806359
651,WINGATE,4,63-1,SO,41,40.88007216,268577.04296875,2418.52703637261
652,MOUNT VERNON WHARF,5,63-2,SO,14,13.85170046,91047.05078125,1652.49047716122
653,KEDGE STRAITS,4,65-2,SO,631,632.13476857,4133080.12890625,8216.02101262384
654,OYSTER CREEK,8,65-3,SO,708,707.4585479,4627192.125,11760.789405459
655,MUSSEL HOLE,7,66-2,SO,2036,2037.82500657,13327969.3671875,19603.1102286195
656,CHAIN SHOAL,7,67-1,SO,670,674.03967336,4413654.3515625,11135.897263597
657,PINEY ISLAND WEST,6,67-2,SO,1890,1898.39013378,12417216.1445312,17735.9607351289
658,PRICKLY POINT,5,72-1,SO,172,172.92709755,1131308.78125,5840.12566818543
659,PINEY ISLAND EAST,4,72-2,SO,945,949.09050744,6205918.9375,10207.902549414
660,HARRIS,4,73-1,SO,528,529.83325442,3463278.16015625,7757.34457045269
661,BIG ANNEMESSEX,8,73-2,SO,1216,1220.98622484,7982643.625,14018.5214758354
662,PHILIBYS,4,74-2,SO,308,306.28446448,1996903.640625,6972.74656615537
663,GREAT ROCK,5,75-1,SO,1525,1518.57631657,9895339.22265625,13738.0585669482
664,FOX ISLAND,4,75-2,SO,357,357.03393464,2325173.9765625,6266.54053298443
665,STONE,6,76-1,SO,152,151.96001058,990148.11328125,4070.38867750088
666,WATKINS,6,76-2,SO,301,301.71503938,1966345.40234375,5399.54964944008
667,LONG POINT,5,77-1,SO,78,77.70938468,506520.8125,4050.4405330308
668,GUNBY,4,77-2,SO,236,236.29719026,1540078.23828125,5092.27318496459
669,MARUMSCO,4,78-1,SO,523,527.2398665,3437403.25390625,7648.4914131826
670,TURTLE EGG ISLAND,5,59-1,SO,2121,2119.98129279,13884510.8164062,17007.31412567
671,MUD,5,60-1,SO,831,835.03654876,5473611.890625,9500.38647252733
672,ALDRIDGES DISCOVERY,3,182-1,TA,17,16.76310281,112043.00390625,1542.66678534426
673,HORSESHOE,4,182-2,TA,26,25.7117198,171851.76953125,1704.72924110738
674,TURTLE BACK,4,182-3,TA,46,45.88999668,306651.1796875,2441.90217305993
675,SEA TURTLE,4,183-1,TA,23,22.99019743,153629.99609375,1791.71851534456
676,BOZMAN NECK,5,183-2,TA,51,50.04918815,334383.01171875,2437.90599034347
677,HAMBLETON HILL,6,184-1,TA,221,220.72638989,1474465.26953125,5785.96988878487
678,WEST END,4,184-2,TA,345,345.43341149,2307246.84765625,6788.45435441753
679,HAMBLETON,5,185-1,TA,174,173.14655156,1156176.91015625,6154.34008406792
680,TIDEMILL,7,185-2,TA,182,178.0483884,1188666.41796875,7320.39382722495
681,SCOTLAND,4,186-1,TA,56,55.77519426,372281.921875,2591.29412604178
682,DEEP WATER POINT,4,186-2,TA,19,18.87155112,125930.55859375,1535.76013982152
683,ASH CRAFT,4,187-1,TA,56,54.90181413,366286.8828125,2500.89383412348
684,SECOND POINT,4,187-2,TA,97,96.0234147,640591.609375,3662.48743843892
685,WILD GROUND,4,188-1,TA,224,223.04529022,1489217.33984375,5772.72251506815
686,SYCAMORE,5,188-2,TA,219,217.32504121,1451481.71875,4969.55559919993
687,EAST END,4,189-1,TA,67,66.27067533,442613.109375,2865.12280362455
688,HERRING ISLAND,5,189-2,TA,162,165.5864099,1106151.671875,5428.37818789647
689,POPLAR ISLAND NARROWS,10,193-2,TA,1744,1745.81641014,11637958.1210938,16218.8470816116
690,STONE,9,195-2,TA,3276,3251.29836381,21601854.1796875,21446.2331656905
691,CLAY BANK,5,196-1,TA,1512,1504.23431372,9985656.9765625,12936.1079181175
692,SHARPS,3,196-2,TA,76,76.90173745,510501.08984375,3379.28636523764
693,BLACK WALNUT,6,197-1,TA,1396,1388.48442293,9230461.98828125,12021.464125183
694,SANDS,5,197-2,TA,720,714.33220895,4751141.39453125,10026.7224791478
695,PLEASANT HILL,5,198-1,TA,560,556.26172774,3698920.3671875,7713.0053953561
696,CHURCH HILL,4,198-2,TA,592,587.77399314,3910077.73046875,7958.8912296418
697,DAWSON,4,206-1,TA,590,585.95596936,3896380.43359375,8273.11517645373
698,FRANCE,4,206-2,TA,544,539.37249303,3588134.9140625,7715.38077236678
699,GREAT MARSH,5,207-1,TA,340,339.33231603,2258233.84765625,6385.63042917802
700,LONG POINT WOODS,5,207-2,TA,308,305.84061765,2035394.07421875,7078.69003102763
701,GREAT BAR,6,208-1,TA,498,495.99257996,3301743.85546875,8098.71964229807
702,BROWN,4,208-2,TA,216,215.83213491,1437194.2734375,5789.86926996483
703,DEEP NECK,7,209-1,TA,514,512.62903634,3414219.02734375,7830.13027596661
704,MULBERRY POINT,5,209-2,TA,130,129.76922749,864593.58984375,4075.88325348079
705,BROAD CREEK MIDDLEGROUND,4,210-1,TA,194,193.60246414,1289752.57421875,4584.81673216696
706,WELL POINT,5,210-2,TA,31,30.85630072,205588.37890625,2595.19520310127
707,POMPES,4,211-1,TA,18,17.37623732,115769.796875,1666.46702510897
708,COOPERS POINT,4,211-2,TA,34,34.20000174,227843.5546875,2026.21511650336
709,JUDYS POINT,4,212-1,TA,15,15.39857553,102585.37109375,1283.03951807291
710,BRUSHY POINT,4,212-2,TA,15,15.00372571,99982.33203125,1430.21025638471
711,WILLEYS ISLAND FLATS,9,212-3,TA,297,296.12330484,1973534.39453125,6967.75544778962
712,HOLLAND POINT,7,213-2,TA,114,114.10477316,760737.49609375,4600.5113524022
713,HARRISON,3,214-1,TA,5,4.56436484,30438.6640625,797.101708861767
714,CEDAR POINT,4,214-2,TA,140,140.41065819,935395.02734375,4852.29910625986
715,DRUM POINT,4,214-3,TA,200,201.26100832,1340851.84765625,5394.66984172801
716,JOE HARRIS FLATS,4,215-1,TA,80,79.38288704,528733.8671875,3031.51788581009
717,PIN CUSHION,4,215-2,TA,40,40.0346019,266661.5859375,2404.33790474829
718,WILLEYS ISLAND,7,216-1,TA,80,79.14110111,527410.83203125,3915.03921798176
719,FOX,4,216-2,TA,10,10.25548222,68369.7890625,1190.92537022282
720,ROYSTON,7,217-1,TA,1335,1312.86221262,8732681.8828125,12011.8026873967
721,IRISH CREEK,9,217-2,TA,738,735.49799141,4891056.65234375,11203.3885027772
722,CHOPTANK LUMPS,3,218-2,TA,340,342.65439024,2277557.44140625,9151.53173175323
723,BENONI,5,219-1,TA,1138,1135.28228126,7545359.00390625,11235.0478015138
724,LIGHTHOUSE,5,219-2,TA,722,719.02500751,4778562.640625,8837.85978375689
725,BACHELOR POINT,5,220-2,TA,474,471.84968154,3137165.640625,8010.44551472496
726,FOX HOLE,5,221-1,TA,247,244.88222692,1628864.3515625,6824.62241578597
727,TOWN POINT,5,220-1,TA,95,94.36276142,627832.59765625,3225.89849540617
728,GOOSE NECK,7,223-1,TA,164,161.94912403,1077788.06640625,5081.71256758609
729,HOPKINS,4,230-1,TA,50,49.06683681,326135.97265625,3050.85275687384
730,WILLIS,4,230-2,TA,12,11.63500559,77343.9296875,1376.72907069739
731,MATTHEWS,4,232-1,TA,24,27.18423645,180742.8984375,1839.54401462578
732,OLD ORCHARD,4,232-2,TA,79,78.86878674,526017.59375,3448.79002989924
733,KIRBY,4,238-2,TA,235,228.84812484,1518630.93359375,6511.06902964017
734,ISLAND CREEK,10,231-1,TA,162,163.9035979,1089554.51953125,6164.2914425035
735,LOWS POINT,5,178-1,TA,914,915.78621715,6110183.20703125,11623.9248311092
736,MIDDLEGROUND,8,46-1,WI,1123,1122.51817347,7373062.12890625,14531.496733872
737,BIG HILL,4,46-2,WI,13,13.33003653,87507.96484375,1282.39817609532
738,GREAT SHOALS,5,47-1,WI,441,443.04592828,2909285.90625,7900.49135876792
739,INGRAM SHOAL,3,47-2,WI,20,20.05867291,131759.80859375,1783.84424073061
740,HOLLAND,4,48-1,WI,5,4.99096579,32796.859375,740.871731449489
741,NEWPORT,4,50-1,WO,70,71.71707575,470699.71875,2952.8930923613
742,LAMBERTSON LANDING,5,50-2,WO,126,123.08963925,807764.38671875,3824.80932535401
743,ENNIS,4,50-3,WO,108,108.51885311,712083.25390625,3713.83067400751
744,TURPIN,3,51-2,WO,19,19.17722114,125778.84375,1641.25828237922
745,SANDY POINT,4,51-3,WO,31,31.13517541,204166.078125,1874.85595526519
746,ROBINS MARSH,7,52-1,WO,246,244.76772106,1604615.83203125,5510.11845817951
747,SCARBORO CREEK,4,52-2,WO,125,124.56433726,816459.94921875,3895.17376767058
748,PURNELL HAMMOCK,3,53-2,WO,6,7.07779945,46332.05859375,1247.3614456853
749,BEEF CREEK,5,53-3,WO,5,5.41447155,35438.98046875,982.946874065379
750,RATTLESNAKE,4,54-1,WO,18,17.62051794,115319.97265625,1754.2036755431
751,MARTIN POINT,4,54-2,WO,64,63.14979675,413249.92578125,2732.16968975688
752,DIAMOND,3,54-3,WO,14,13.96482106,91393.67578125,1506.02870691836
753,SHEEP,4,55-1,WO,29,29.66340576,194003.71875,1936.15757273597
754,MINK TUMP,3,55-2,WO,6,5.572868,36449.1484375,946.62726866335
755,EASTER COVE,3,55-3,WO,6,7.29660209,47726.40234375,1108.48794070458
756,BIG BAY POINT,4,56-1,WO,28,26.90558965,175980.46484375,1713.14037287083
757,KENNEL,4,56-2,WO,71,69.20967969,452691.21875,2747.17907885159
758,DRUM,3,56-3,WO,31,31.11333356,203505.25,2171.177306001
759,TOBY,4,57-1,WO,54,52.51432176,343434.64453125,2691.18648528462
760,DEEP WATER,3,57-2,WO,6,6.47166686,42319.62109375,1014.72025447045
761,STRIKING MARSH,3,57-3,WO,56,56.79981464,371408.83984375,2890.44423797855
762,LEVIN TUMP,3,58-1,WO,26,27.2604006,178245.46484375,2249.64454909243
763,WHITE ROCK,5,58-2,WO,287,286.7877481,1874956.37890625,5473.35262709281
764,HORSEHEAD NORTH,4,58-3,WO,14,13.69342834,89506.05859375,1339.81189728775
765,HORSEHEAD SOUTH,4,59-1,WO,28,27.50988479,179796.12109375,1800.66058316646
766,SOUTH POINT,4,49-1,WO,129,129.23126568,848360.22265625,4063.97730114156
767,HANDYS HAMMOCK,4,49-2,WO,34,33.01940186,216743.49609375,2001.19887684277
768,SOUTHWEST,3,53-1,WO,18,17.10052239,112065.54296875,1622.11004136449
769,LONG,6,64-1,AA,1274,1273.26164037,8486494.24609375,14485.8477772677
