<?xml version="1.0" encoding="UTF-8"?><metadata>
    <idinfo>
        <citation>
            <citeinfo>
                <origin/>
                <pubdate>20160107</pubdate>
                <title>Maryland Shellfish - Oyster Harvesting Reserves</title>
                <onlink>https://geodata.md.gov/imap/rest/services/Biota/MD_Shellfish/FeatureServer/0</onlink>
            </citeinfo>
        </citation>
        <descript>
            <abstract>Polygon delineation of Maryland oyster harvest reserves created by MDNR, Fisheries Service. COMAR 08.02.04.13 is the source document for the features in this dataset.This is a MD iMAP hosted service. Find more information at https://imap.maryland.gov.Feature Service Link:https://geodata.md.gov/imap/rest/services/Biota/MD_Shellfish/FeatureServer/0</abstract>
            <purpose>Maryland Shellfish - Oyster Harvest Reserves</purpose>
        </descript>
        <status>
            <update>As needed</update>
        </status>
        <keywords>
            <theme>
                <themekt>None</themekt>
                <themekey>biota</themekey>
                <themekey>environment</themekey>
                <themekey>shellfish</themekey>
                <themekey>oysters</themekey>
                <themekey>sea scallop</themekey>
                <themekey>MD</themekey>
                <themekey>Maryland</themekey>
                <themekey>MD iMAP</themekey>
                <themekey>WMS</themekey>
                <themekey>WFS</themekey>
                <themekey>Vector</themekey>
                <themekey>Dynamic</themekey>
                <themekey>BIOT</themekey>
                <themekey>Chesapeake</themekey>
                <themekey>Coastal Bays</themekey>
                <themekey>KML</themekey>
            </theme>
        </keywords>
        <accconst>None</accconst>
        <useconst>The Spatial Data, and the information therein, (collectively the "Data") is provided "as is" without warranty of any kind, either expressed, implied, or statutory. The user assumes the entire risk as to quality and performance of the Data. No guarantee of accuracy is granted, nor is any responsibility for reliance thereon assumed. In no event shall the State of Maryland be liable for direct, indirect, incidental, consequential or special damages of any kind. The State of Maryland does not accept liability for any damages or misrepresentation caused by inaccuracies in the Data or as a result to changes to the Data, nor is there responsibility assumed to maintain the Data in any manner or form. The Data can be freely distributed as long as the metadata entry is not modified or deleted. Any data derived from the Data must acknowledge the State of Maryland in the metadata.</useconst>
        <datacred>MD iMAP, DNR, Kelly Greenhawk, kelly.greenhawk@maryland.gov</datacred>
    </idinfo>
    <metainfo>
        <metd>20170804</metd>
        <metc>
            <cntinfo>
                <!--no contact person or organization name available-->
            </cntinfo>
        </metc>
        <metstdn>FGDC Content Standard for Digital Geospatial Metadata</metstdn>
        <metstdv>FGDC-STD-001-1998</metstdv>
        <mettc>local time</mettc>
    </metainfo>
</metadata>
